Type,eta,N,psi,thetaS,thetaR,Ks,par1SWRC,par2SWRC,alphaSpecificStorage,betaSpecificStorage,et
L,0,100,2.0,0.5,0.07,0.000023,1.16,5.58,0,0,0
L,-0.6,100,-999,0.38,0.02,0.003697,1.7,1.47,0,0,0
L,-1.2,100,-999,0.5,0.07,0.000023,1.16,5.58,0,0,0
L,-2,-999,2.0,-999,-999,-999,-999,-999,-999,-999,-999