Type,eta,N,psi,thetaS,thetaR,Ks,par1SWRC,par2SWRC,alphaSpecificStorage,betaSpecificStorage,et
L,0,100,2.0,0.35,0.07,0.0000981,1.5,-0.3496,0,0,0
L,-0.6,100,-999,0.35,0.035,0.00981,3,-0.14992,0,0,0
L,-1.2,100,-999,0.35,0.07,0.0000981,1.5,-0.3496,0,0,0
L,-2,-999,2.0,-999,-999,-999,-999,-999,-999,-999,-999