Type,eta,N,psi,thetaS,thetaR,Ks,n,alpha,alphaSpecificStorage,betaSpecificStorage,et
L,0,320,0.1,0.38,0.02,0.003697,1.7,1.47,0,0,0
L,-2,160,-999,0.5,0.07,0.000023,1.16,5.88,0,0,0
M,-3,160,-1.5,0.5,0.07,0.000023,1.16,5.88,0,0,0
L,-4,-999,0.0,-999,-999,-999,-999,-999,-999,-999,-999


